product1_Id,product2_Id,distance
2,32,0.0
2,2,0.0
2,65,0.012952566
2,3,0.0147714615
2,7,0.015177488
2,40,2.0019083
2,81,2.002945
2,82,2.005278
2,79,2.005278
2,31,2.3425825
2,86,4.000327
2,67,4.0030594
2,75,4.0030594
2,68,4.00306
2,53,4.003641
2,42,4.004876
2,84,4.0052776
2,77,4.0052776
2,54,4.009867
2,4,4.0151772
2,6,4.0151772
2,5,4.0151772
2,80,4.0233026
2,15,4.028372
2,16,4.028372
2,17,4.028372
2,14,4.028372
2,25,4.0392656
2,30,4.0441146
2,10,4.0898046
2,24,4.1009674
2,23,4.1009674
2,21,4.108919
2,22,4.108919
2,9,4.1222076
2,51,4.140268
2,52,4.140268
2,78,4.1405125
2,38,4.1551814
2,45,4.1689262
2,49,4.1689262
2,47,4.1689262
2,46,4.1689262
2,44,4.1689262
2,50,4.1689262
2,48,4.1689262
2,43,4.209528
2,11,4.303643
2,76,4.6214333
2,18,4.691744
2,13,4.886718
2,29,4.886718
2,28,4.886718
2,27,4.886718
2,20,5.137496
2,39,5.16438
2,85,6.0421596
2,83,6.04216
3,3,4.7683716e-07
3,7,0.00018906593
3,65,0.008391619
3,32,0.0147714615
3,2,0.0147714615
3,40,2.009191
3,81,2.030456
3,82,2.032463
3,79,2.032463
3,31,2.2156851
3,4,4.000189
3,5,4.000189
3,6,4.000189
3,54,4.0004997
3,80,4.0010195
3,15,4.0022216
3,16,4.0022216
3,14,4.0022216
3,17,4.0022216
3,42,4.0027404
3,25,4.0059195
3,30,4.0078964
3,86,4.0159087
3,67,4.030339
3,75,4.030339
3,68,4.0303392
3,10,4.03186
3,53,4.032183
3,84,4.032463
3,77,4.032463
3,24,4.038699
3,23,4.0386996
3,21,4.043688
3,22,4.043688
3,9,4.0522475
3,51,4.0642824
3,52,4.0642824
3,78,4.0645623
3,38,4.0744915
3,45,4.084131
3,49,4.084131
3,47,4.084131
3,46,4.084131
3,44,4.084131
3,50,4.084131
3,48,4.084131
3,43,4.1134415
3,11,4.185022
3,18,4.5053496
3,76,4.6462345
3,13,4.673585
3,29,4.673585
3,28,4.673585
3,27,4.673585
3,20,5.0255184
3,39,5.045117
3,85,5.961991
3,83,5.9619913
4,4,0.0
4,23,0.038882732
4,83,1.9898698
4,42,2.0029266
4,67,2.0305274
4,75,2.0305274
4,53,2.0323737
4,24,2.0388825
4,21,2.0438817
4,22,2.0438817
4,52,2.0644712
4,51,2.0644712
4,38,2.0747313
4,44,2.0843227
4,46,2.0843227
4,47,2.0843227
4,45,2.0843227
4,49,2.0843227
4,48,2.0843227
4,50,2.0843227
4,11,2.185208
4,76,2.662854
4,5,4.0
4,7,4.0
4,6,4.0
4,3,4.000189
4,54,4.0006933
4,80,4.0009794
4,15,4.0024104
4,14,4.0024104
4,16,4.0024104
4,17,4.0024104
4,25,4.0061083
4,30,4.0080914
4,40,4.0091257
4,65,4.0108404
4,2,4.0151772
4,32,4.0151772
4,86,4.015914
4,68,4.0305276
4,81,4.030607
4,10,4.031983
4,84,4.033647
4,77,4.033647
4,82,4.033647
4,79,4.033647
4,9,4.052434
4,78,4.064389
4,43,4.113632
4,31,4.215874
4,18,4.5055447
4,13,4.6733913
4,28,4.6733913
4,27,4.6733913
4,29,4.6733913
4,20,5.0259113
4,39,5.04551
4,85,5.989869
5,5,0.0
5,30,0.008091211
5,10,0.031983137
5,9,0.05243373
5,16,2.0024104
5,6,4.0
5,7,4.0
5,4,4.0
5,3,4.000189
5,54,4.0006933
5,80,4.0009794
5,15,4.0024104
5,17,4.0024104
5,14,4.0024104
5,42,4.002927
5,25,4.0061083
5,40,4.0091257
5,65,4.0108404
5,32,4.0151772
5,2,4.0151772
5,86,4.015914
5,75,4.030527
5,67,4.030527
5,68,4.0305276
5,81,4.030607
5,53,4.032374
5,84,4.033647
5,79,4.033647
5,82,4.033647
5,77,4.033647
5,24,4.0388823
5,23,4.0388827
5,21,4.0438814
5,22,4.0438814
5,78,4.064389
5,52,4.0644712
5,51,4.0644712
5,38,4.0747313
5,50,4.084323
5,45,4.084323
5,49,4.084323
5,47,4.084323
5,46,4.084323
5,44,4.084323
5,48,4.084323
5,43,4.113632
5,11,4.1852083
5,31,4.215874
5,18,4.5055447
5,76,4.662854
5,13,4.6733913
5,29,4.6733913
5,28,4.6733913
5,27,4.6733913
5,20,5.0259113
5,39,5.04551
5,85,5.989869
5,83,5.98987
6,6,0.0
6,4,4.0
6,5,4.0
6,7,4.0
6,3,4.000189
6,54,4.0006933
6,80,4.0009794
6,15,4.0024104
6,16,4.0024104
6,14,4.0024104
6,17,4.0024104
6,42,4.002927
6,25,4.0061083
6,30,4.0080914
6,40,4.0091257
6,65,4.0108404
6,32,4.0151772
6,2,4.0151772
6,86,4.015914
6,75,4.030527
6,67,4.030527
6,68,4.0305276
6,81,4.030607
6,10,4.031983
6,53,4.032374
6,82,4.033647
6,84,4.033647
6,79,4.033647
6,77,4.033647
6,24,4.0388823
6,23,4.0388827
6,22,4.0438814
6,21,4.0438814
6,9,4.052434
6,78,4.064389
6,52,4.0644712
6,51,4.0644712
6,38,4.0747313
6,50,4.084323
6,45,4.084323
6,49,4.084323
6,47,4.084323
6,46,4.084323
6,44,4.084323
6,48,4.084323
6,43,4.113632
6,11,4.1852083
6,31,4.215874
6,18,4.5055447
6,76,4.662854
6,13,4.6733913
6,29,4.6733913
6,28,4.6733913
6,27,4.6733913
6,20,5.0259113
6,39,5.04551
6,85,5.989869
6,83,5.98987
7,7,0.0
7,3,0.00018906593
7,65,0.010840893
7,32,0.015177488
7,2,0.015177488
7,40,2.009126
7,81,2.0306075
7,82,2.0336468
7,79,2.0336468
7,31,2.2158744
7,4,4.0
7,5,4.0
7,6,4.0
7,54,4.0006933
7,80,4.0009794
7,15,4.0024104
7,16,4.0024104
7,14,4.0024104
7,17,4.0024104
7,42,4.002927
7,25,4.0061083
7,30,4.0080914
7,86,4.015914
7,67,4.030527
7,75,4.030527
7,68,4.0305276
7,10,4.031983
7,53,4.032374
7,84,4.033647
7,77,4.033647
7,24,4.0388823
7,23,4.0388827
7,21,4.0438814
7,22,4.0438814
7,9,4.052434
7,78,4.064389
7,51,4.0644712
7,52,4.0644712
7,38,4.0747313
7,45,4.084323
7,49,4.084323
7,47,4.084323
7,46,4.084323
7,44,4.084323
7,50,4.084323
7,48,4.084323
7,43,4.113632
7,11,4.1852083
7,18,4.5055447
7,76,4.662854
7,13,4.6733913
7,29,4.6733913
7,28,4.6733913
7,27,4.6733913
7,20,5.0259113
7,39,5.04551
7,85,5.989869
7,83,5.98987
9,9,0.0
9,10,0.0025205612
9,30,0.01952076
9,5,0.05243373
9,16,2.0329227
9,21,4.0003824
9,22,4.0003824
9,52,4.000623
9,51,4.000623
9,78,4.000902
9,24,4.0010147
9,23,4.0010147
9,38,4.0019755
9,44,4.0037794
9,49,4.0037794
9,46,4.0037794
9,47,4.0037794
9,48,4.0037794
9,50,4.0037794
9,45,4.0037794
9,43,4.0117145
9,25,4.0229945
9,17,4.0329227
9,15,4.0329227
9,14,4.0329227
9,80,4.039638
9,11,4.0406284
9,3,4.0522475
9,7,4.052434
9,4,4.052434
9,6,4.052434
9,31,4.0556216
9,54,4.062967
9,65,4.078111
9,42,4.0789185
9,40,4.1018934
9,32,4.1222076
9,2,4.1222076
9,86,4.125725
9,67,4.1622133
9,75,4.1622133
9,68,4.1622133
9,81,4.1623316
9,82,4.1643405
9,79,4.1643405
9,77,4.1643405
9,84,4.1643405
9,53,4.166442
9,18,4.232616
9,28,4.3506875
9,13,4.3506875
9,29,4.3506875
9,27,4.3506875
9,76,4.778156
9,20,4.936094
9,39,4.9418955
9,85,5.902146
9,83,5.9021463
10,10,0.0
10,9,0.0025205612
10,30,0.008040428
10,5,0.031983137
10,16,2.0172586
10,24,4.0003424
10,23,4.0003424
10,22,4.000944
10,21,4.000944
10,52,4.0056458
10,51,4.0056458
10,78,4.005906
10,38,4.008939
10,25,4.010318
10,44,4.0124626
10,46,4.0124626
10,47,4.0124626
10,48,4.0124626
10,49,4.0124626
10,45,4.0124626
10,50,4.0124626
10,15,4.0172586
10,17,4.0172586
10,14,4.0172586
10,80,4.022168
10,43,4.0250835
10,3,4.03186
10,7,4.031983
10,6,4.031983
10,4,4.031983
10,54,4.04034
10,42,4.0532837
10,65,4.0542192
10,11,4.0633507
10,40,4.072739
10,31,4.0817795
10,32,4.0898046
10,2,4.0898046
10,86,4.0926948
10,67,4.124368
10,75,4.124368
10,68,4.1243687
10,81,4.124524
10,82,4.1265464
10,79,4.1265464
10,77,4.1265464
10,84,4.1265464
10,53,4.1280746
10,18,4.2834764
10,28,4.412476
10,13,4.412476
10,29,4.412476
10,27,4.412476
10,76,4.7409945
10,20,4.9428873
10,39,4.9517136
10,85,5.9071574
10,83,5.907158
11,11,0.0
11,52,0.03118825
11,51,0.03118825
11,21,0.048896074
11,42,0.23279524
11,67,0.36520457
11,45,2.019625
11,44,2.019625
11,47,2.019625
11,48,2.019625
11,46,2.019625
11,49,2.019625
11,50,2.019625
11,38,2.0247307
11,22,2.048896
11,24,2.0544846
11,23,2.0544848
11,4,2.185208
11,75,2.3652046
11,53,2.3715365
11,76,2.9812505
11,83,3.936207
11,31,4.001175
11,43,4.0087104
11,78,4.031465
11,9,4.0406284
11,10,4.0633507
11,18,4.0788136
11,30,4.116473
11,25,4.124753
11,14,4.146697
11,15,4.146697
11,17,4.146697
11,16,4.146697
11,28,4.1526523
11,27,4.1526523
11,29,4.1526523
11,13,4.1526523
11,80,4.1603985
11,3,4.185022
11,5,4.1852083
11,6,4.1852083
11,7,4.1852083
11,54,4.204753
11,65,4.226283
11,40,4.2703323
11,2,4.303643
11,32,4.303643
11,86,4.3092656
11,68,4.365205
11,81,4.365321
11,77,4.3673377
11,82,4.3673377
11,79,4.3673377
11,84,4.3673377
11,39,4.937892
11,20,4.944256
11,85,5.936207
13,29,0.0
13,13,0.0
13,68,0.989789
13,28,2.0
13,27,2.0
13,80,2.625438
13,18,4.0122404
13,31,4.127063
13,11,4.1526523
13,43,4.234252
13,48,4.281683
13,49,4.281683
13,50,4.281683
13,45,4.281683
13,46,4.281683
13,44,4.281683
13,47,4.281683
13,38,4.3002152
13,78,4.3216906
13,52,4.3217564
13,51,4.3217564
13,9,4.3506875
13,22,4.374238
13,21,4.374238
13,24,4.3894176
13,23,4.389418
13,10,4.412476
13,30,4.5356503
13,25,4.553234
13,16,4.5984545
13,15,4.5984545
13,14,4.5984545
13,17,4.5984545
13,4,4.6733913
13,7,4.6733913
13,5,4.6733913
13,6,4.6733913
13,3,4.673585
13,54,4.710778
13,65,4.746914
13,42,4.762235
13,40,4.827817
13,2,4.886718
13,32,4.886718
13,86,4.8959923
13,75,4.989789
13,67,4.989789
13,81,4.9898906
13,79,4.9928637
13,82,4.9928637
13,84,4.9928637
13,77,4.9928637
13,53,5.0001965
13,39,5.1593
13,20,5.189231
13,76,5.6212897
13,85,6.259044
13,83,6.2590446
14,14,4.7683716e-07
14,84,0.05110264
14,20,0.9985552
14,39,1.0153089
14,17,2.0000005
14,15,2.0000005
14,78,2.0428846
14,43,2.0839143
14,18,2.440562
14,16,4.0000005
14,80,4.0004315
14,25,4.000889
14,30,4.0017414
14,3,4.0022216
14,5,4.0024104
14,4,4.0024104
14,6,4.0024104
14,7,4.0024104
14,54,4.0048285
14,42,4.0098963
14,65,4.0142126
14,10,4.0172586
14,40,4.0197535
14,24,4.0223775
14,23,4.0223775
14,21,4.026207
14,22,4.026207
14,2,4.028372
14,32,4.028372
14,86,4.0300007
14,9,4.0329227
14,52,4.042605
14,51,4.042605
14,75,4.048979
14,67,4.048979
14,68,4.048979
14,81,4.049096
14,38,4.0509877
14,79,4.0511026
14,82,4.0511026
14,77,4.0511026
14,53,4.051315
14,46,4.059011
14,44,4.059011
14,49,4.059011
14,48,4.059011
14,50,4.059011
14,45,4.059011
14,47,4.059011
14,11,4.146697
14,31,4.1741295
14,28,4.5984545
14,29,4.5984545
14,27,4.5984545
14,13,4.5984545
14,76,4.664875
14,85,5.941086
14,83,5.9410863
15,15,4.7683716e-07
15,78,0.04288459
15,43,0.08391428
15,14,2.0000005
15,17,2.0000005
15,84,2.0511026
15,18,2.440562
15,20,2.9985552
15,39,3.0153086
15,16,4.0000005
15,80,4.0004315
15,25,4.000889
15,30,4.0017414
15,3,4.0022216
15,5,4.0024104
15,4,4.0024104
15,6,4.0024104
15,7,4.0024104
15,54,4.0048285
15,42,4.0098963
15,65,4.0142126
15,10,4.0172586
15,40,4.0197535
15,24,4.0223775
15,23,4.0223775
15,21,4.026207
15,22,4.026207
15,2,4.028372
15,32,4.028372
15,86,4.0300007
15,9,4.0329227
15,52,4.042605
15,51,4.042605
15,75,4.048979
15,67,4.048979
15,68,4.048979
15,81,4.049096
15,38,4.0509877
15,79,4.0511026
15,82,4.0511026
15,77,4.0511026
15,53,4.051315
15,46,4.059011
15,44,4.059011
15,49,4.059011
15,48,4.059011
15,50,4.059011
15,45,4.059011
15,47,4.059011
15,11,4.146697
15,31,4.1741295
15,28,4.5984545
15,29,4.5984545
15,27,4.5984545
15,13,4.5984545
15,76,4.664875
15,85,5.941086
15,83,5.9410863
16,16,4.7683716e-07
16,30,2.0017414
16,5,2.0024104
16,10,2.0172586
16,9,2.0329227
16,17,4.0000005
16,14,4.0000005
16,15,4.0000005
16,80,4.0004315
16,25,4.000889
16,3,4.0022216
16,6,4.0024104
16,7,4.0024104
16,4,4.0024104
16,54,4.0048285
16,42,4.0098963
16,65,4.0142126
16,40,4.0197535
16,24,4.0223775
16,23,4.0223775
16,22,4.026207
16,21,4.026207
16,2,4.028372
16,32,4.028372
16,86,4.0300007
16,52,4.042605
16,51,4.042605
16,78,4.042885
16,67,4.048979
16,75,4.048979
16,68,4.048979
16,81,4.049096
16,38,4.0509877
16,79,4.0511026
16,82,4.0511026
16,84,4.0511026
16,77,4.0511026
16,53,4.051315
16,50,4.059011
16,45,4.059011
16,49,4.059011
16,47,4.059011
16,46,4.059011
16,44,4.059011
16,48,4.059011
16,43,4.0839143
16,11,4.146697
16,31,4.1741295
16,18,4.440562
16,28,4.5984545
16,13,4.5984545
16,29,4.5984545
16,27,4.5984545
16,76,4.664875
16,20,4.998555
16,39,5.0153084
16,85,5.941086
16,83,5.9410863
17,17,4.7683716e-07
17,18,0.440562
17,15,2.0000005
17,14,2.0000005
17,78,2.0428846
17,84,2.0511026
17,43,2.0839143
17,20,2.9985552
17,39,3.0153086
17,16,4.0000005
17,80,4.0004315
17,25,4.000889
17,30,4.0017414
17,3,4.0022216
17,5,4.0024104
17,4,4.0024104
17,6,4.0024104
17,7,4.0024104
17,54,4.0048285
17,42,4.0098963
17,65,4.0142126
17,10,4.0172586
17,40,4.0197535
17,24,4.0223775
17,23,4.0223775
17,21,4.026207
17,22,4.026207
17,2,4.028372
17,32,4.028372
17,86,4.0300007
17,9,4.0329227
17,52,4.042605
17,51,4.042605
17,75,4.048979
17,67,4.048979
17,68,4.048979
17,81,4.049096
17,38,4.0509877
17,79,4.0511026
17,82,4.0511026
17,77,4.0511026
17,53,4.051315
17,46,4.059011
17,44,4.059011
17,49,4.059011
17,48,4.059011
17,50,4.059011
17,45,4.059011
17,47,4.059011
17,11,4.146697
17,31,4.1741295
17,28,4.5984545
17,29,4.5984545
17,27,4.5984545
17,13,4.5984545
17,76,4.664875
17,85,5.941086
17,83,5.9410863
18,18,0.0
18,17,0.440562
18,43,2.1399271
18,78,2.209444
18,15,2.440562
18,14,2.440562
18,84,2.785443
18,39,3.0675082
18,20,3.090817
18,27,4.0122404
18,28,4.0122404
18,13,4.0122404
18,29,4.0122404
18,31,4.060743
18,11,4.0788136
18,47,4.1770954
18,48,4.1770954
18,49,4.1770954
18,44,4.1770954
18,45,4.1770954
18,46,4.1770954
18,50,4.1770954
18,38,4.191823
18,51,4.20916
18,52,4.20916
18,9,4.232616
18,22,4.2518663
18,21,4.2518663
18,24,4.2643585
18,23,4.2643585
18,10,4.2834764
18,30,4.386908
18,25,4.401882
18,16,4.440562
18,80,4.4639964
18,3,4.5053496
18,5,4.5055447
18,6,4.5055447
18,7,4.5055447
18,4,4.5055447
18,54,4.537632
18,65,4.5680027
18,42,4.582515
18,40,4.6403465
18,32,4.691744
18,2,4.691744
18,86,4.700305
18,67,4.783331
18,68,4.783331
18,75,4.783331
18,81,4.7834463
18,79,4.7854433
18,82,4.7854433
18,77,4.7854433
18,53,4.792591
18,76,5.3990436
18,85,6.118226
18,83,6.118227
20,20,0.0
20,39,0.000910759
20,14,0.9985552
20,84,1.1103244
20,43,2.9303885
20,78,2.9531775
20,17,2.9985552
20,15,2.9985552
20,18,3.090817
20,76,4.789882
20,38,4.926202
20,48,4.9301076
20,45,4.9301076
20,49,4.9301076
20,46,4.9301076
20,44,4.9301076
20,50,4.9301076
20,47,4.9301076
20,51,4.9326496
20,52,4.9326496
20,9,4.936094
20,21,4.9397717
20,22,4.9397717
20,24,4.9425
20,23,4.9425006
20,10,4.9428873
20,11,4.944256
20,31,4.9535093
20,30,4.978612
20,25,4.983796
20,80,4.993068
20,16,4.998555
20,85,5.0041304
20,83,5.0041304
20,3,5.0255184
20,5,5.0259113
20,4,5.0259113
20,6,5.0259113
20,7,5.0259113
20,65,5.0310373
20,54,5.040182
20,42,5.060565
20,77,5.1103244
20,79,5.1103244
20,82,5.1103244
20,86,5.1239576
20,32,5.137496
20,2,5.137496
20,40,5.158513
20,75,5.163565
20,67,5.163565
20,68,5.1635656
20,53,5.1687784
20,81,5.1845613
20,28,5.189231
20,27,5.189231
20,29,5.189231
20,13,5.189231
21,21,0.0
21,52,0.001982212
21,51,0.001982212
21,11,0.048896074
21,42,0.0683105
21,67,0.14683962
21,22,1.9999998
21,24,2.0001512
21,23,2.0001514
21,38,2.0040917
21,47,2.0065668
21,44,2.0065668
21,45,2.0065668
21,48,2.0065668
21,46,2.0065668
21,49,2.0065668
21,50,2.0065668
21,4,2.0438817
21,75,2.1468394
21,53,2.1508641
21,76,2.76252
21,83,3.902754
21,9,4.0003824
21,10,4.000944
21,78,4.002267
21,30,4.0144377
21,43,4.016331
21,25,4.0174446
21,17,4.026207
21,15,4.026207
21,16,4.026207
21,14,4.026207
21,80,4.0322504
21,3,4.043688
21,5,4.0438814
21,6,4.0438814
21,7,4.0438814
21,54,4.0535326
21,31,4.0652304
21,65,4.068014
21,40,4.0898724
21,2,4.108919
21,32,4.108919
21,86,4.112242
21,68,4.1468396
21,81,4.1469574
21,77,4.1489506
21,79,4.1489506
21,82,4.1489506
21,84,4.1489506
21,18,4.2518663
21,13,4.374238
21,28,4.374238
21,27,4.374238
21,29,4.374238
21,20,4.9397717
21,39,4.946754
21,85,5.902754
22,22,0.0
22,24,0.00015115738
22,38,0.0040915012
22,45,0.0065665245
22,48,0.0065665245
22,49,0.0065665245
22,50,0.0065665245
22,47,0.0065665245
22,46,0.0065665245
22,44,0.0065665245
22,75,0.14683962
22,53,0.15086412
22,76,0.76251984
22,21,1.9999998
22,23,2.0001514
22,52,2.0019822
22,51,2.0019822
22,4,2.0438817
22,11,2.048896
22,42,2.0683107
22,67,2.1468394
22,83,3.902754
22,9,4.0003824
22,10,4.000944
22,78,4.002267
22,30,4.0144377
22,43,4.016331
22,25,4.0174446
22,17,4.026207
22,15,4.026207
22,16,4.026207
22,14,4.026207
22,80,4.0322504
22,3,4.043688
22,5,4.0438814
22,6,4.0438814
22,7,4.0438814
22,54,4.0535326
22,31,4.0652304
22,65,4.068014
22,40,4.0898724
22,2,4.108919
22,32,4.108919
22,86,4.112242
22,68,4.1468396
22,81,4.1469574
22,77,4.1489506
22,79,4.1489506
22,82,4.1489506
22,84,4.1489506
22,18,4.2518663
22,13,4.374238
22,28,4.374238
22,27,4.374238
22,29,4.374238
22,20,4.9397717
22,39,4.946754
22,85,5.902754
23,23,4.7683716e-07
23,4,0.038882732
23,83,1.9046748
23,24,2.0
23,21,2.0001514
23,22,2.0001514
23,51,2.0032284
23,52,2.0032284
23,38,2.005816
23,47,2.008711
23,49,2.008711
23,46,2.008711
23,44,2.008711
23,48,2.008711
23,50,2.008711
23,45,2.008711
23,11,2.0544848
23,42,2.062035
23,75,2.1375682
23,67,2.1375682
23,53,2.1414645
23,76,2.7537634
23,10,4.0003424
23,9,4.0010147
23,78,4.003502
23,30,4.0116343
23,25,4.014348
23,43,4.019625
23,17,4.0223775
23,15,4.0223775
23,16,4.0223775
23,14,4.0223775
23,80,4.0279894
23,3,4.0386996
23,5,4.0388827
23,6,4.0388827
23,7,4.0388827
23,54,4.0479946
23,65,4.062152
23,31,4.0716624
23,40,4.082698
23,2,4.1009674
23,32,4.1009674
23,86,4.1041517
23,68,4.1375685
23,81,4.137684
23,77,4.13971
23,79,4.13971
23,82,4.13971
23,84,4.13971
23,18,4.2643585
23,13,4.389418
23,28,4.389418
23,27,4.389418
23,29,4.389418
23,20,4.9425
23,39,4.950225
23,85,5.9046745
24,24,0.0
24,22,0.00015115738
24,38,0.0058157444
24,45,0.008710861
24,48,0.008710861
24,49,0.008710861
24,50,0.008710861
24,47,0.008710861
24,46,0.008710861
24,44,0.008710861
24,75,0.137568
24,53,0.14146423
24,76,0.7537632
24,23,2.0
24,21,2.0001512
24,52,2.0032282
24,51,2.0032282
24,4,2.0388825
24,11,2.0544846
24,42,2.0620348
24,67,2.137568
24,83,3.9046745
24,10,4.0003424
24,9,4.0010147
24,78,4.003502
24,30,4.011634
24,25,4.014348
24,43,4.0196247
24,17,4.0223775
24,15,4.0223775
24,16,4.0223775
24,14,4.0223775
24,80,4.027989
24,3,4.038699
24,5,4.0388823
24,6,4.0388823
24,7,4.0388823
24,54,4.047994
24,65,4.0621514
24,31,4.071662
24,40,4.0826974
24,2,4.1009674
24,32,4.1009674
24,86,4.1041517
24,68,4.137568
24,81,4.1376834
24,77,4.13971
24,79,4.13971
24,82,4.13971
24,84,4.13971
24,18,4.2643585
24,13,4.3894176
24,28,4.3894176
24,27,4.3894176
24,29,4.3894176
24,20,4.9425
24,39,4.950225
24,85,5.904674
25,25,0.0
25,30,4.000142
25,17,4.000889
25,16,4.000889
25,15,4.000889
25,14,4.000889
25,80,4.002352
25,3,4.0059195
25,6,4.0061083
25,5,4.0061083
25,7,4.0061083
25,4,4.0061083
25,54,4.0098586
25,10,4.010318
25,24,4.014348
25,23,4.014348
25,42,4.016714
25,22,4.0174446
25,21,4.0174446
25,65,4.020187
25,9,4.0229945
25,40,4.028726
25,51,4.0311885
25,52,4.0311885
25,78,4.0314684
25,38,4.0384164
25,32,4.0392656
25,2,4.0392656
25,86,4.0412054
25,47,4.045418
25,48,4.045418
25,45,4.045418
25,46,4.045418
25,44,4.045418
25,50,4.045418
25,49,4.045418
25,75,4.06306
25,67,4.06306
25,68,4.0630603
25,81,4.063177
25,79,4.0651836
25,82,4.0651836
25,84,4.0651836
25,77,4.0651836
25,53,4.065707
25,43,4.067534
25,11,4.124753
25,31,4.1501417
25,18,4.401882
25,28,4.553234
25,13,4.553234
25,29,4.553234
25,27,4.553234
25,76,4.678956
25,20,4.983796
25,39,4.9987507
25,85,5.9301577
25,83,5.9301586
27,27,0.0
27,29,2.0
27,13,2.0
27,28,2.0
27,80,2.625438
27,68,2.9897892
27,18,4.0122404
27,31,4.127063
27,11,4.1526523
27,43,4.234252
27,48,4.281683
27,49,4.281683
27,50,4.281683
27,45,4.281683
27,46,4.281683
27,44,4.281683
27,47,4.281683
27,38,4.3002152
27,78,4.3216906
27,52,4.3217564
27,51,4.3217564
27,9,4.3506875
27,22,4.374238
27,21,4.374238
27,24,4.3894176
27,23,4.389418
27,10,4.412476
27,30,4.5356503
27,25,4.553234
27,16,4.5984545
27,15,4.5984545
27,14,4.5984545
27,17,4.5984545
27,4,4.6733913
27,7,4.6733913
27,5,4.6733913
27,6,4.6733913
27,3,4.673585
27,54,4.710778
27,65,4.746914
27,42,4.762235
27,40,4.827817
27,2,4.886718
27,32,4.886718
27,86,4.8959923
27,75,4.989789
27,67,4.989789
27,81,4.9898906
27,79,4.9928637
27,82,4.9928637
27,84,4.9928637
27,77,4.9928637
27,53,5.0001965
27,39,5.1593
27,20,5.189231
27,76,5.6212897
27,85,6.259044
27,83,6.2590446
28,28,0.0
28,29,2.0
28,13,2.0
28,27,2.0
28,80,2.625438
28,68,2.9897892
28,18,4.0122404
28,31,4.127063
28,11,4.1526523
28,43,4.234252
28,48,4.281683
28,49,4.281683
28,50,4.281683
28,45,4.281683
28,46,4.281683
28,44,4.281683
28,47,4.281683
28,38,4.3002152
28,78,4.3216906
28,52,4.3217564
28,51,4.3217564
28,9,4.3506875
28,22,4.374238
28,21,4.374238
28,24,4.3894176
28,23,4.389418
28,10,4.412476
28,30,4.5356503
28,25,4.553234
28,16,4.5984545
28,15,4.5984545
28,14,4.5984545
28,17,4.5984545
28,4,4.6733913
28,7,4.6733913
28,5,4.6733913
28,6,4.6733913
28,3,4.673585
28,54,4.710778
28,65,4.746914
28,42,4.762235
28,40,4.827817
28,2,4.886718
28,32,4.886718
28,86,4.8959923
28,75,4.989789
28,67,4.989789
28,81,4.9898906
28,79,4.9928637
28,82,4.9928637
28,84,4.9928637
28,77,4.9928637
28,53,5.0001965
28,39,5.1593
28,20,5.189231
28,76,5.6212897
28,85,6.259044
28,83,6.2590446
29,29,0.0
29,13,0.0
29,68,0.989789
29,28,2.0
29,27,2.0
29,80,2.625438
29,18,4.0122404
29,31,4.127063
29,11,4.1526523
29,43,4.234252
29,48,4.281683
29,49,4.281683
29,50,4.281683
29,45,4.281683
29,46,4.281683
29,44,4.281683
29,47,4.281683
29,38,4.3002152
29,78,4.3216906
29,52,4.3217564
29,51,4.3217564
29,9,4.3506875
29,22,4.374238
29,21,4.374238
29,24,4.3894176
29,23,4.389418
29,10,4.412476
29,30,4.5356503
29,25,4.553234
29,16,4.5984545
29,15,4.5984545
29,14,4.5984545
29,17,4.5984545
29,4,4.6733913
29,7,4.6733913
29,5,4.6733913
29,6,4.6733913
29,3,4.673585
29,54,4.710778
29,65,4.746914
29,42,4.762235
29,40,4.827817
29,2,4.886718
29,32,4.886718
29,86,4.8959923
29,75,4.989789
29,67,4.989789
29,81,4.9898906
29,79,4.9928637
29,82,4.9928637
29,84,4.9928637
29,77,4.9928637
29,53,5.0001965
29,39,5.1593
29,20,5.189231
29,76,5.6212897
29,85,6.259044
29,83,6.2590446
30,30,0.0
30,10,0.008040428
30,5,0.008091211
30,9,0.01952076
30,16,2.0017414
30,25,4.000142
30,17,4.0017414
30,14,4.0017414
30,15,4.0017414
30,80,4.003624
30,3,4.0078964
30,6,4.0080914
30,7,4.0080914
30,4,4.0080914
30,24,4.011634
30,23,4.0116343
30,54,4.012368
30,21,4.0144377
30,22,4.0144377
30,42,4.0199394
30,65,4.023039
30,51,4.0271196
30,52,4.0271196
30,78,4.0274034
30,40,4.032809
30,38,4.033885
30,47,4.040478
30,44,4.040478
30,46,4.040478
30,49,4.040478
30,48,4.040478
30,45,4.040478
30,50,4.040478
30,32,4.0441146
30,2,4.0441146
30,86,4.046188
30,43,4.0614796
30,67,4.06919
30,75,4.06919
30,68,4.06919
30,81,4.0693054
30,82,4.071304
30,79,4.071304
30,77,4.071304
30,84,4.071304
30,53,4.0719614
30,11,4.116473
30,31,4.1410446
30,18,4.386908
30,28,4.5356503
30,13,4.5356503
30,29,4.5356503
30,27,4.5356503
30,76,4.684925
30,20,4.978612
30,39,4.992847
30,85,5.926033
30,83,5.9260335
31,31,0.0
31,79,0.40992832
31,3,2.2156851
31,7,2.2158744
31,65,2.2595441
31,40,2.3070707
31,32,2.3425825
31,2,2.3425825
31,81,2.4079273
31,82,2.4099283
31,11,4.001175
31,43,4.016284
31,48,4.030404
31,44,4.030404
31,46,4.030404
31,45,4.030404
31,47,4.030404
31,50,4.030404
31,49,4.030404
31,38,4.0366836
31,51,4.0444703
31,52,4.0444703
31,78,4.044752
31,9,4.0556216
31,18,4.060743
31,21,4.0652304
31,22,4.0652304
31,24,4.071662
31,23,4.0716624
31,10,4.0817795
31,27,4.127063
31,28,4.127063
31,29,4.127063
31,13,4.127063
31,30,4.1410446
31,25,4.1501417
31,17,4.1741295
31,14,4.1741295
31,15,4.1741295
31,16,4.1741295
31,80,4.1890182
31,4,4.215874
31,6,4.215874
31,5,4.215874
31,54,4.2369485
31,42,4.267047
31,86,4.348564
31,67,4.407809
31,75,4.407809
31,68,4.4078093
31,84,4.4099283
31,77,4.4099283
31,53,4.414498
31,39,4.945076
31,20,4.9535093
31,76,5.0236278
31,85,5.949652
31,83,5.9496527
32,32,0.0
32,2,0.0
32,65,0.012952566
32,3,0.0147714615
32,7,0.015177488
32,40,2.0019083
32,81,2.002945
32,82,2.005278
32,79,2.005278
32,31,2.3425825
32,86,4.000327
32,67,4.0030594
32,75,4.0030594
32,68,4.00306
32,53,4.003641
32,42,4.004876
32,84,4.0052776
32,77,4.0052776
32,54,4.009867
32,4,4.0151772
32,6,4.0151772
32,5,4.0151772
32,80,4.0233026
32,15,4.028372
32,16,4.028372
32,17,4.028372
32,14,4.028372
32,25,4.0392656
32,30,4.0441146
32,10,4.0898046
32,24,4.1009674
32,23,4.1009674
32,21,4.108919
32,22,4.108919
32,9,4.1222076
32,51,4.140268
32,52,4.140268
32,78,4.1405125
32,38,4.1551814
32,45,4.1689262
32,49,4.1689262
32,47,4.1689262
32,46,4.1689262
32,44,4.1689262
32,50,4.1689262
32,48,4.1689262
32,43,4.209528
32,11,4.303643
32,76,4.6214333
32,18,4.691744
32,13,4.886718
32,29,4.886718
32,28,4.886718
32,27,4.886718
32,20,5.137496
32,39,5.16438
32,85,6.0421596
32,83,6.04216
38,38,0.0
38,44,0.00030303
38,46,0.00030303
38,45,0.00030303
38,48,0.00030303
38,49,0.00030303
38,50,0.00030303
38,47,0.00030303
38,22,0.0040915012
38,24,0.0058157444
38,75,0.1999023
38,53,0.20459342
38,76,0.81105304
38,52,2.0003848
38,51,2.0003848
38,21,2.0040917
38,23,2.005816
38,11,2.0247307
38,4,2.0747313
38,42,2.1058042
38,67,2.199902
38,83,3.8941495
38,78,4.0007653
38,9,4.0019755
38,43,4.004092
38,10,4.008939
38,30,4.033885
38,31,4.0366836
38,25,4.0384164
38,14,4.0509877
38,15,4.0509877
38,16,4.0509877
38,17,4.0509877
38,80,4.0592337
38,3,4.0744915
38,6,4.0747313
38,5,4.0747313
38,7,4.0747313
38,54,4.087193
38,65,4.103357
38,40,4.1321926
38,2,4.1551814
38,32,4.1551814
38,86,4.159173
38,18,4.191823
38,68,4.1999025
38,81,4.200078
38,77,4.2017503
38,82,4.2017503
38,79,4.2017503
38,84,4.2017503
38,13,4.3002152
38,28,4.3002152
38,27,4.3002152
38,29,4.3002152
38,20,4.926202
38,39,4.929328
38,85,5.894149
39,39,0.0
39,20,0.000910759
39,14,1.0153089
39,84,1.1404357
39,43,2.9296575
39,78,2.9574726
39,17,3.0153086
39,15,3.0153086
39,18,3.0675082
39,76,4.8199935
39,38,4.929328
39,48,4.932199
39,45,4.932199
39,49,4.932199
39,46,4.932199
39,44,4.932199
39,50,4.932199
39,47,4.932199
39,51,4.936945
39,52,4.936945
39,11,4.937892
39,9,4.9418955
39,31,4.945076
39,21,4.946754
39,22,4.946754
39,24,4.950225
39,23,4.950225
39,10,4.9517136
39,30,4.992847
39,25,4.9987507
39,85,5.00892
39,83,5.0089207
39,80,5.010867
39,16,5.0153084
39,3,5.045117
39,5,5.04551
39,4,5.04551
39,6,5.04551
39,7,5.04551
39,65,5.0529404
39,54,5.0611296
39,42,5.0833225
39,77,5.1404357
39,79,5.1404357
39,82,5.1404357
39,86,5.1511574
39,13,5.1593
39,27,5.1593
39,28,5.1593
39,29,5.1593
39,32,5.16438
39,2,5.16438
39,40,5.1834526
39,75,5.1936765
39,67,5.1936765
39,68,5.193677
39,53,5.1992044
39,81,5.2146726
40,40,0.0
40,2,2.0019083
40,32,2.0019083
40,81,2.008029
40,7,2.009126
40,3,2.009191
40,65,2.0132787
40,82,2.013533
40,79,2.013533
40,31,2.3070707
40,86,4.0025244
40,42,4.0026693
40,54,4.0057254
40,75,4.008709
40,67,4.008709
40,68,4.0087094
40,6,4.0091257
40,5,4.0091257
40,4,4.0091257
40,53,4.009627
40,77,4.013533
40,84,4.013533
40,80,4.015892
40,15,4.0197535
40,16,4.0197535
40,17,4.0197535
40,14,4.0197535
40,25,4.028726
40,30,4.032809
40,10,4.072739
40,24,4.0826974
40,23,4.082698
40,21,4.0898724
40,22,4.0898724
40,9,4.1018934
40,78,4.117643
40,51,4.118349
40,52,4.118349
40,38,4.1321926
40,45,4.144653
40,49,4.144653
40,47,4.144653
40,46,4.144653
40,44,4.144653
40,50,4.144653
40,48,4.144653
40,43,4.182241
40,11,4.2703323
40,18,4.6403465
40,76,4.6719694
40,13,4.827817
40,29,4.827817
40,28,4.827817
40,27,4.827817
40,20,5.158513
40,39,5.1834526
40,85,6.1004877
40,83,6.100488
42,42,0.0
42,67,0.0148432255
42,21,0.0683105
42,51,0.093566656
42,52,0.093566656
42,11,0.23279524
42,4,2.0029266
42,75,2.0148432
42,53,2.0161412
42,24,2.0620348
42,23,2.062035
42,22,2.0683107
42,38,2.1058042
42,46,2.1172373
42,45,2.1172373
42,44,2.1172373
42,50,2.1172373
42,49,2.1172373
42,48,2.1172373
42,47,2.1172373
42,76,2.6307838
42,83,3.9904835
42,54,4.0008993
42,40,4.0026693
42,3,4.0027404
42,6,4.002927
42,5,4.002927
42,7,4.002927
42,2,4.004876
42,32,4.004876
42,86,4.0054636
42,80,4.006878
42,65,4.007146
42,17,4.0098963
42,15,4.0098963
42,14,4.0098963
42,16,4.0098963
42,68,4.014843
42,81,4.0149612
42,25,4.016714
42,82,4.01697
42,79,4.01697
42,84,4.01697
42,77,4.01697
42,30,4.0199394
42,10,4.0532837
42,9,4.0789185
42,78,4.0938454
42,43,4.151444
42,31,4.267047
42,18,4.582515
42,13,4.762235
42,28,4.762235
42,27,4.762235
42,29,4.762235
42,20,5.060565
42,39,5.0833225
42,85,5.9904833
43,43,0.0
43,78,0.007216215
43,15,0.08391428
43,14,2.0839143
43,17,2.0839143
43,18,2.1399271
43,84,2.2632298
43,39,2.9296575
43,20,2.9303885
43,49,4.0021863
43,48,4.0021863
43,45,4.0021863
43,46,4.0021863
43,47,4.0021863
43,44,4.0021863
43,50,4.0021863
43,38,4.004092
43,51,4.006934
43,52,4.006934
43,11,4.0087104
43,9,4.0117145
43,31,4.016284
43,22,4.016331
43,21,4.016331
43,24,4.0196247
43,23,4.019625
43,10,4.0250835
43,30,4.0614796
43,25,4.067534
43,16,4.0839143
43,80,4.094384
43,3,4.1134415
43,5,4.113632
43,6,4.113632
43,4,4.113632
43,7,4.113632
43,54,4.1289997
43,65,4.147545
43,42,4.151444
43,40,4.182241
43,2,4.209528
43,32,4.209528
43,86,4.214181
43,28,4.234252
43,29,4.234252
43,27,4.234252
43,13,4.234252
43,67,4.2611117
43,75,4.2611117
43,68,4.2611117
43,81,4.2612295
43,79,4.26323
43,82,4.26323
43,77,4.26323
43,53,4.2664695
43,76,4.8769093
43,85,5.9099975
43,83,5.909998
44,48,4.7683716e-07
44,44,4.7683716e-07
44,46,4.7683716e-07
44,45,4.7683716e-07
44,50,4.7683716e-07
44,49,4.7683716e-07
44,47,4.7683716e-07
44,38,0.00030303
44,22,0.0065665245
44,24,0.008710861
44,75,0.2155118
44,53,0.22038221
44,76,0.8312926
44,52,2.0013337
44,51,2.0013337
44,21,2.0065668
44,23,2.008711
44,11,2.019625
44,4,2.0843227
44,42,2.1172373
44,67,2.2155118
44,83,3.903609
44,78,4.001616
44,43,4.0021863
44,9,4.0037794
44,10,4.0124626
44,31,4.030404
44,30,4.040478
44,25,4.045418
44,14,4.059011
44,15,4.059011
44,16,4.059011
44,17,4.059011
44,80,4.067862
44,3,4.084131
44,6,4.084323
44,5,4.084323
44,7,4.084323
44,54,4.097598
44,65,4.1146555
44,40,4.144653
44,2,4.1689262
44,32,4.1689262
44,86,4.173094
44,18,4.1770954
44,68,4.2155123
44,81,4.2156286
44,77,4.217629
44,82,4.217629
44,79,4.217629
44,84,4.217629
44,13,4.281683
44,28,4.281683
44,27,4.281683
44,29,4.281683
44,20,4.9301076
44,39,4.932199
44,85,5.9036083
45,48,4.7683716e-07
45,44,4.7683716e-07
45,46,4.7683716e-07
45,45,4.7683716e-07
45,50,4.7683716e-07
45,49,4.7683716e-07
45,47,4.7683716e-07
45,38,0.00030303
45,22,0.0065665245
45,24,0.008710861
45,75,0.2155118
45,53,0.22038221
45,76,0.8312926
45,52,2.0013337
45,51,2.0013337
45,21,2.0065668
45,23,2.008711
45,11,2.019625
45,4,2.0843227
45,42,2.1172373
45,67,2.2155118
45,83,3.903609
45,78,4.001616
45,43,4.0021863
45,9,4.0037794
45,10,4.0124626
45,31,4.030404
45,30,4.040478
45,25,4.045418
45,14,4.059011
45,15,4.059011
45,16,4.059011
45,17,4.059011
45,80,4.067862
45,3,4.084131
45,6,4.084323
45,5,4.084323
45,7,4.084323
45,54,4.097598
45,65,4.1146555
45,40,4.144653
45,2,4.1689262
45,32,4.1689262
45,86,4.173094
45,18,4.1770954
45,68,4.2155123
45,81,4.2156286
45,77,4.217629
45,82,4.217629
45,79,4.217629
45,84,4.217629
45,13,4.281683
45,28,4.281683
45,27,4.281683
45,29,4.281683
45,20,4.9301076
45,39,4.932199
45,85,5.9036083
46,48,4.7683716e-07
46,44,4.7683716e-07
46,46,4.7683716e-07
46,45,4.7683716e-07
46,50,4.7683716e-07
46,49,4.7683716e-07
46,47,4.7683716e-07
46,38,0.00030303
46,22,0.0065665245
46,24,0.008710861
46,75,0.2155118
46,53,0.22038221
46,76,0.8312926
46,52,2.0013337
46,51,2.0013337
46,21,2.0065668
46,23,2.008711
46,11,2.019625
46,4,2.0843227
46,42,2.1172373
46,67,2.2155118
46,83,3.903609
46,78,4.001616
46,43,4.0021863
46,9,4.0037794
46,10,4.0124626
46,31,4.030404
46,30,4.040478
46,25,4.045418
46,14,4.059011
46,15,4.059011
46,16,4.059011
46,17,4.059011
46,80,4.067862
46,3,4.084131
46,6,4.084323
46,5,4.084323
46,7,4.084323
46,54,4.097598
46,65,4.1146555
46,40,4.144653
46,2,4.1689262
46,32,4.1689262
46,86,4.173094
46,18,4.1770954
46,68,4.2155123
46,81,4.2156286
46,77,4.217629
46,82,4.217629
46,79,4.217629
46,84,4.217629
46,13,4.281683
46,28,4.281683
46,27,4.281683
46,29,4.281683
46,20,4.9301076
46,39,4.932199
46,85,5.9036083
47,48,4.7683716e-07
47,44,4.7683716e-07
47,46,4.7683716e-07
47,45,4.7683716e-07
47,50,4.7683716e-07
47,49,4.7683716e-07
47,47,4.7683716e-07
47,38,0.00030303
47,22,0.0065665245
47,24,0.008710861
47,75,0.2155118
47,53,0.22038221
47,76,0.8312926
47,52,2.0013337
47,51,2.0013337
47,21,2.0065668
47,23,2.008711
47,11,2.019625
47,4,2.0843227
47,42,2.1172373
47,67,2.2155118
47,83,3.903609
47,78,4.001616
47,43,4.0021863
47,9,4.0037794
47,10,4.0124626
47,31,4.030404
47,30,4.040478
47,25,4.045418
47,14,4.059011
47,15,4.059011
47,16,4.059011
47,17,4.059011
47,80,4.067862
47,3,4.084131
47,6,4.084323
47,5,4.084323
47,7,4.084323
47,54,4.097598
47,65,4.1146555
47,40,4.144653
47,2,4.1689262
47,32,4.1689262
47,86,4.173094
47,18,4.1770954
47,68,4.2155123
47,81,4.2156286
47,77,4.217629
47,82,4.217629
47,79,4.217629
47,84,4.217629
47,13,4.281683
47,28,4.281683
47,27,4.281683
47,29,4.281683
47,20,4.9301076
47,39,4.932199
47,85,5.9036083
48,48,4.7683716e-07
48,44,4.7683716e-07
48,46,4.7683716e-07
48,45,4.7683716e-07
48,50,4.7683716e-07
48,49,4.7683716e-07
48,47,4.7683716e-07
48,38,0.00030303
48,22,0.0065665245
48,24,0.008710861
48,75,0.2155118
48,53,0.22038221
48,76,0.8312926
48,52,2.0013337
48,51,2.0013337
48,21,2.0065668
48,23,2.008711
48,11,2.019625
48,4,2.0843227
48,42,2.1172373
48,67,2.2155118
48,83,3.903609
48,78,4.001616
48,43,4.0021863
48,9,4.0037794
48,10,4.0124626
48,31,4.030404
48,30,4.040478
48,25,4.045418
48,14,4.059011
48,15,4.059011
48,16,4.059011
48,17,4.059011
48,80,4.067862
48,3,4.084131
48,6,4.084323
48,5,4.084323
48,7,4.084323
48,54,4.097598
48,65,4.1146555
48,40,4.144653
48,2,4.1689262
48,32,4.1689262
48,86,4.173094
48,18,4.1770954
48,68,4.2155123
48,81,4.2156286
48,77,4.217629
48,82,4.217629
48,79,4.217629
48,84,4.217629
48,13,4.281683
48,28,4.281683
48,27,4.281683
48,29,4.281683
48,20,4.9301076
48,39,4.932199
48,85,5.9036083
49,48,4.7683716e-07
49,44,4.7683716e-07
49,46,4.7683716e-07
49,45,4.7683716e-07
49,50,4.7683716e-07
49,49,4.7683716e-07
49,47,4.7683716e-07
49,38,0.00030303
49,22,0.0065665245
49,24,0.008710861
49,75,0.2155118
49,53,0.22038221
49,76,0.8312926
49,52,2.0013337
49,51,2.0013337
49,21,2.0065668
49,23,2.008711
49,11,2.019625
49,4,2.0843227
49,42,2.1172373
49,67,2.2155118
49,83,3.903609
49,78,4.001616
49,43,4.0021863
49,9,4.0037794
49,10,4.0124626
49,31,4.030404
49,30,4.040478
49,25,4.045418
49,14,4.059011
49,15,4.059011
49,16,4.059011
49,17,4.059011
49,80,4.067862
49,3,4.084131
49,6,4.084323
49,5,4.084323
49,7,4.084323
49,54,4.097598
49,65,4.1146555
49,40,4.144653
49,2,4.1689262
49,32,4.1689262
49,86,4.173094
49,18,4.1770954
49,68,4.2155123
49,81,4.2156286
49,77,4.217629
49,82,4.217629
49,79,4.217629
49,84,4.217629
49,13,4.281683
49,28,4.281683
49,27,4.281683
49,29,4.281683
49,20,4.9301076
49,39,4.932199
49,85,5.9036083
50,48,4.7683716e-07
50,44,4.7683716e-07
50,46,4.7683716e-07
50,45,4.7683716e-07
50,50,4.7683716e-07
50,49,4.7683716e-07
50,47,4.7683716e-07
50,38,0.00030303
50,22,0.0065665245
50,24,0.008710861
50,75,0.2155118
50,53,0.22038221
50,76,0.8312926
50,52,2.0013337
50,51,2.0013337
50,21,2.0065668
50,23,2.008711
50,11,2.019625
50,4,2.0843227
50,42,2.1172373
50,67,2.2155118
50,83,3.903609
50,78,4.001616
50,43,4.0021863
50,9,4.0037794
50,10,4.0124626
50,31,4.030404
50,30,4.040478
50,25,4.045418
50,14,4.059011
50,15,4.059011
50,16,4.059011
50,17,4.059011
50,80,4.067862
50,3,4.084131
50,6,4.084323
50,5,4.084323
50,7,4.084323
50,54,4.097598
50,65,4.1146555
50,40,4.144653
50,2,4.1689262
50,32,4.1689262
50,86,4.173094
50,18,4.1770954
50,68,4.2155123
50,81,4.2156286
50,77,4.217629
50,82,4.217629
50,79,4.217629
50,84,4.217629
50,13,4.281683
50,28,4.281683
50,27,4.281683
50,29,4.281683
50,20,4.9301076
50,39,4.932199
50,85,5.9036083
51,51,4.7683716e-07
51,52,4.7683716e-07
51,21,0.001982212
51,11,0.03118825
51,42,0.093566656
51,67,0.1829443
51,38,2.0003848
51,45,2.0013337
51,47,2.0013337
51,48,2.0013337
51,46,2.0013337
51,44,2.0013337
51,50,2.0013337
51,49,2.0013337
51,22,2.0019822
51,24,2.0032282
51,23,2.0032284
51,4,2.0644712
51,75,2.1829443
51,53,2.1874337
51,76,2.7987645
51,83,3.9017239
51,78,4.000282
51,9,4.000623
51,10,4.0056458
51,43,4.006934
51,30,4.0271196
51,25,4.0311885
51,17,4.042605
51,15,4.042605
51,16,4.042605
51,14,4.042605
51,31,4.0444703
51,80,4.0501866
51,3,4.0642824
51,6,4.0644712
51,5,4.0644712
51,7,4.0644712
51,54,4.0761175
51,65,4.092037
51,40,4.118349
51,2,4.140268
51,32,4.140268
51,86,4.1440487
51,68,4.1829443
51,81,4.1830635
51,77,4.1850643
51,79,4.1850643
51,82,4.1850643
51,84,4.1850643
51,18,4.20916
51,13,4.3217564
51,28,4.3217564
51,27,4.3217564
51,29,4.3217564
51,20,4.9326496
51,39,4.936945
51,85,5.9017234
52,51,4.7683716e-07
52,52,4.7683716e-07
52,21,0.001982212
52,11,0.03118825
52,42,0.093566656
52,67,0.1829443
52,38,2.0003848
52,45,2.0013337
52,47,2.0013337
52,48,2.0013337
52,46,2.0013337
52,44,2.0013337
52,50,2.0013337
52,49,2.0013337
52,22,2.0019822
52,24,2.0032282
52,23,2.0032284
52,4,2.0644712
52,75,2.1829443
52,53,2.1874337
52,76,2.7987645
52,83,3.9017239
52,78,4.000282
52,9,4.000623
52,10,4.0056458
52,43,4.006934
52,30,4.0271196
52,25,4.0311885
52,17,4.042605
52,15,4.042605
52,16,4.042605
52,14,4.042605
52,31,4.0444703
52,80,4.0501866
52,3,4.0642824
52,6,4.0644712
52,5,4.0644712
52,7,4.0644712
52,54,4.0761175
52,65,4.092037
52,40,4.118349
52,2,4.140268
52,32,4.140268
52,86,4.1440487
52,68,4.1829443
52,81,4.1830635
52,77,4.1850643
52,79,4.1850643
52,82,4.1850643
52,84,4.1850643
52,18,4.20916
52,13,4.3217564
52,28,4.3217564
52,27,4.3217564
52,29,4.3217564
52,20,4.9326496
52,39,4.936945
52,85,5.9017234
53,53,0.0
53,75,2.7179718e-05
53,24,0.14146423
53,22,0.15086412
53,38,0.20459342
53,47,0.22038221
53,46,0.22038221
53,45,0.22038221
53,48,0.22038221
53,49,0.22038221
53,44,0.22038221
53,50,0.22038221
53,76,0.6158247
53,67,2.0000272
53,42,2.0161412
53,4,2.0323737
53,23,2.1414645
53,21,2.1508641
53,51,2.1874337
53,52,2.1874337
53,11,2.3715365
53,68,4.000027
53,81,4.0001445
53,77,4.002145
53,82,4.002145
53,84,4.002145
53,79,4.002145
53,86,4.002909
53,32,4.003641
53,2,4.003641
53,40,4.009627
53,54,4.024662
53,65,4.0268593
53,3,4.032183
53,7,4.032374
53,5,4.032374
53,6,4.032374
53,80,4.0438976
53,15,4.051315
53,14,4.051315
53,16,4.051315
53,17,4.051315
53,25,4.065707
53,30,4.0719614
53,83,4.082035
53,10,4.1280746
53,9,4.166442
53,78,4.1877155
53,43,4.2664695
53,31,4.414498
53,18,4.7925906
53,13,5.0001965
53,28,5.0001965
53,27,5.0001965
53,29,5.0001965
53,20,5.1687784
53,39,5.1992044
53,85,6.0820346
54,54,0.0
54,3,4.0004997
54,4,4.0006933
54,6,4.0006933
54,7,4.0006933
54,5,4.0006933
54,42,4.0008993
54,80,4.002857
54,15,4.0048285
54,16,4.0048285
54,17,4.0048285
54,14,4.0048285
54,40,4.0057254
54,65,4.0071588
54,25,4.0098586
54,2,4.009867
54,32,4.009867
54,86,4.0107794
54,30,4.012368
54,75,4.0230513
54,67,4.0230513
54,68,4.0230513
54,81,4.0231647
54,53,4.024662
54,82,4.0251718
54,79,4.0251718
54,84,4.0251718
54,77,4.0251718
54,10,4.04034
54,24,4.047994
54,23,4.0479946
54,22,4.0535326
54,21,4.0535326
54,9,4.062967
54,51,4.0761175
54,52,4.0761175
54,78,4.076399
54,38,4.087193
54,50,4.097598
54,45,4.097598
54,49,4.097598
54,47,4.097598
54,46,4.097598
54,44,4.097598
54,48,4.097598
54,43,4.1289997
54,11,4.204753
54,31,4.2369485
54,18,4.537632
54,76,4.638906
54,13,4.710778
54,29,4.710778
54,28,4.710778
54,27,4.710778
54,20,5.040182
54,39,5.0611296
54,85,5.9734187
54,83,5.973419
65,65,0.0
65,3,0.008391619
65,7,0.010840893
65,32,0.012952566
65,2,0.012952566
65,40,2.0132787
65,79,2.0208476
65,82,2.0208476
65,81,2.026048
65,31,2.2595441
65,42,4.007146
65,54,4.0071588
65,6,4.0108404
65,5,4.0108404
65,4,4.0108404
65,80,4.012853
65,16,4.0142126
65,17,4.0142126
65,15,4.0142126
65,14,4.0142126
65,86,4.015838
65,25,4.020187
65,84,4.0208473
65,77,4.0208473
65,30,4.023039
65,67,4.025426
65,75,4.025426
65,68,4.025426
65,53,4.0268593
65,10,4.0542192
65,24,4.0621514
65,23,4.062152
65,21,4.068014
65,22,4.068014
65,9,4.078111
65,51,4.092037
65,52,4.092037
65,78,4.094756
65,38,4.103357
65,45,4.1146555
65,49,4.1146555
65,47,4.1146555
65,46,4.1146555
65,44,4.1146555
65,50,4.1146555
65,48,4.1146555
65,43,4.147545
65,11,4.226283
65,76,4.529697
65,18,4.5680027
65,13,4.746914
65,29,4.746914
65,28,4.746914
65,27,4.746914
65,20,5.0310373
65,39,5.0529404
65,85,5.7987757
65,83,5.7987757
67,67,0.0
67,42,0.0148432255
67,21,0.14683962
67,51,0.1829443
67,52,0.1829443
67,11,0.36520457
67,75,2.0
67,53,2.0000272
67,4,2.0305274
67,24,2.137568
67,23,2.1375682
67,22,2.1468394
67,38,2.199902
67,46,2.2155118
67,45,2.2155118
67,44,2.2155118
67,50,2.2155118
67,49,2.2155118
67,48,2.2155118
67,47,2.2155118
67,76,2.615829
67,68,4.0
67,81,4.0001183
67,77,4.00212
67,82,4.00212
67,84,4.00212
67,79,4.00212
67,86,4.0023775
67,32,4.0030594
67,2,4.0030594
67,40,4.008709
67,54,4.0230513
67,65,4.025426
67,3,4.030339
67,7,4.030527
67,5,4.030527
67,6,4.030527
67,80,4.04174
67,15,4.048979
67,14,4.048979
67,16,4.048979
67,17,4.048979
67,25,4.06306
67,30,4.06919
67,83,4.0776725
67,10,4.124368
67,9,4.1622133
67,78,4.1832256
67,43,4.2611117
67,31,4.407809
67,18,4.7833304
67,13,4.989789
67,28,4.989789
67,27,4.989789
67,29,4.989789
67,20,5.163565
67,39,5.1936765
67,85,6.077672
68,68,4.7683716e-07
68,29,0.989789
68,13,0.989789
68,80,2.0417404
68,28,2.9897892
68,27,2.9897892
68,75,4.0
68,67,4.0
68,53,4.000027
68,81,4.0001187
68,77,4.00212
68,79,4.00212
68,82,4.00212
68,84,4.00212
68,86,4.002378
68,2,4.00306
68,32,4.00306
68,40,4.0087094
68,42,4.014843
68,54,4.0230513
68,65,4.025426
68,3,4.0303392
68,7,4.0305276
68,4,4.0305276
68,5,4.0305276
68,6,4.0305276
68,16,4.048979
68,14,4.048979
68,15,4.048979
68,17,4.048979
68,25,4.0630603
68,30,4.06919
68,10,4.1243687
68,24,4.137568
68,23,4.1375685
68,21,4.1468396
68,22,4.1468396
68,9,4.1622133
68,51,4.1829443
68,52,4.1829443
68,78,4.1832256
68,38,4.1999025
68,46,4.2155123
68,44,4.2155123
68,49,4.2155123
68,48,4.2155123
68,50,4.2155123
68,45,4.2155123
68,47,4.2155123
68,43,4.2611117
68,11,4.365205
68,31,4.4078093
68,76,4.6158295
68,18,4.783331
68,20,5.1635656
68,39,5.193677
68,85,6.077672
68,83,6.077673
75,75,0.0
75,53,2.7179718e-05
75,24,0.137568
75,22,0.14683962
75,38,0.1999023
75,47,0.2155118
75,46,0.2155118
75,45,0.2155118
75,48,0.2155118
75,49,0.2155118
75,44,0.2155118
75,50,0.2155118
75,76,0.615829
75,67,2.0
75,42,2.0148432
75,4,2.0305274
75,23,2.1375682
75,21,2.1468394
75,51,2.1829443
75,52,2.1829443
75,11,2.3652046
75,68,4.0
75,81,4.0001183
75,77,4.00212
75,82,4.00212
75,84,4.00212
75,79,4.00212
75,86,4.0023775
75,32,4.0030594
75,2,4.0030594
75,40,4.008709
75,54,4.0230513
75,65,4.025426
75,3,4.030339
75,7,4.030527
75,5,4.030527
75,6,4.030527
75,80,4.04174
75,15,4.048979
75,14,4.048979
75,16,4.048979
75,17,4.048979
75,25,4.06306
75,30,4.06919
75,83,4.0776725
75,10,4.124368
75,9,4.1622133
75,78,4.1832256
75,43,4.2611117
75,31,4.407809
75,18,4.7833304
75,13,4.989789
75,28,4.989789
75,27,4.989789
75,29,4.989789
75,20,5.163565
75,39,5.1936765
75,85,6.077672
76,76,0.0
76,53,0.6158247
76,75,0.615829
76,24,0.7537632
76,22,0.76251984
76,38,0.81105304
76,47,0.8312926
76,44,0.8312926
76,48,0.8312926
76,45,0.8312926
76,46,0.8312926
76,50,0.8312926
76,49,0.8312926
76,83,2.5315256
76,67,2.615829
76,42,2.6307838
76,4,2.662854
76,23,2.7537634
76,21,2.76252
76,51,2.7987645
76,52,2.7987645
76,11,2.9812505
76,65,4.529697
76,85,4.5315256
76,84,4.5457354
76,79,4.5457354
76,82,4.5457354
76,77,4.5457354
76,68,4.6158295
76,32,4.6214333
76,2,4.6214333
76,81,4.6285563
76,86,4.6285906
76,54,4.638906
76,3,4.6462345
76,80,4.659622
76,7,4.662854
76,5,4.662854
76,6,4.662854
76,14,4.664875
76,15,4.664875
76,16,4.664875
76,17,4.664875
76,40,4.6719694
76,25,4.678956
76,30,4.684925
76,10,4.7409945
76,9,4.778156
76,20,4.789882
76,39,4.8199935
76,78,4.8253675
76,43,4.8769093
76,31,5.0236278
76,18,5.3990436
76,28,5.6212897
76,27,5.6212897
76,29,5.6212897
76,13,5.6212897
77,77,0.0
77,86,0.0051162243
77,79,3.9999998
77,84,3.9999998
77,82,3.9999998
77,67,4.00212
77,75,4.00212
77,68,4.00212
77,53,4.002145
77,81,4.0029516
77,32,4.0052776
77,2,4.0052776
77,40,4.013533
77,42,4.01697
77,65,4.0208473
77,54,4.0251718
77,3,4.032463
77,5,4.033647
77,6,4.033647
77,4,4.033647
77,7,4.033647
77,80,4.044022
77,17,4.0511026
77,15,4.0511026
77,16,4.0511026
77,14,4.0511026
77,25,4.0651836
77,30,4.071304
77,10,4.1265464
77,24,4.13971
77,23,4.13971
77,22,4.1489506
77,21,4.1489506
77,9,4.1643405
77,51,4.1850643
77,52,4.1850643
77,78,4.186891
77,38,4.2017503
77,50,4.217629
77,45,4.217629
77,49,4.217629
77,47,4.217629
77,46,4.217629
77,44,4.217629
77,48,4.217629
77,43,4.26323
77,11,4.3673377
77,31,4.4099283
77,76,4.5457354
77,18,4.7854433
77,13,4.9928637
77,29,4.9928637
77,28,4.9928637
77,27,4.9928637
77,20,5.1103244
77,39,5.1404357
77,85,5.953267
77,83,5.953268
78,78,0.0
78,43,0.007216215
78,15,0.04288459
78,14,2.0428846
78,17,2.0428846
78,84,2.1868908
78,18,2.209444
78,20,2.9531775
78,39,2.9574726
78,52,4.000282
78,51,4.000282
78,38,4.0007653
78,9,4.000902
78,48,4.001616
78,46,4.001616
78,44,4.001616
78,47,4.001616
78,50,4.001616
78,49,4.001616
78,45,4.001616
78,22,4.002267
78,21,4.002267
78,24,4.003502
78,23,4.003502
78,10,4.005906
78,30,4.0274034
78,11,4.031465
78,25,4.0314684
78,16,4.042885
78,31,4.044752
78,80,4.05041
78,5,4.064389
78,4,4.064389
78,6,4.064389
78,7,4.064389
78,3,4.0645623
78,54,4.076399
78,42,4.0938454
78,65,4.094756
78,40,4.117643
78,2,4.1405125
78,32,4.1405125
78,86,4.144105
78,81,4.183084
78,67,4.1832256
78,75,4.1832256
78,68,4.1832256
78,79,4.186891
78,82,4.186891
78,77,4.186891
78,53,4.1877155
78,28,4.3216906
78,29,4.3216906
78,27,4.3216906
78,13,4.3216906
78,76,4.8253675
78,85,5.9481287
78,83,5.9481287
79,79,0.0
79,31,0.40992832
79,82,2.0
79,81,2.0029511
79,32,2.005278
79,2,2.005278
79,40,2.013533
79,65,2.0208476
79,3,2.032463
79,7,2.0336468
79,77,3.9999998
79,84,3.9999998
79,75,4.00212
79,67,4.00212
79,68,4.00212
79,53,4.002145
79,86,4.0051165
79,42,4.01697
79,54,4.0251718
79,4,4.033647
79,6,4.033647
79,5,4.033647
79,80,4.044022
79,15,4.0511026
79,16,4.0511026
79,17,4.0511026
79,14,4.0511026
79,25,4.0651836
79,30,4.071304
79,10,4.1265464
79,24,4.13971
79,23,4.13971
79,21,4.1489506
79,22,4.1489506
79,9,4.1643405
79,51,4.1850643
79,52,4.1850643
79,78,4.186891
79,38,4.2017503
79,45,4.217629
79,49,4.217629
79,47,4.217629
79,46,4.217629
79,44,4.217629
79,50,4.217629
79,48,4.217629
79,43,4.26323
79,11,4.3673377
79,76,4.5457354
79,18,4.7854433
79,13,4.9928637
79,29,4.9928637
79,28,4.9928637
79,27,4.9928637
79,20,5.1103244
79,39,5.1404357
79,85,5.953267
79,83,5.953268
80,80,0.0
80,68,2.0417404
80,28,2.625438
80,29,2.625438
80,27,2.625438
80,13,2.625438
80,15,4.0004315
80,14,4.0004315
80,16,4.0004315
80,17,4.0004315
80,4,4.0009794
80,7,4.0009794
80,5,4.0009794
80,6,4.0009794
80,3,4.0010195
80,25,4.002352
80,54,4.002857
80,30,4.003624
80,42,4.006878
80,65,4.012853
80,40,4.015892
80,10,4.022168
80,32,4.0233026
80,2,4.0233026
80,86,4.02436
80,24,4.027989
80,23,4.0279894
80,21,4.0322504
80,22,4.0322504
80,9,4.039638
80,67,4.04174
80,75,4.04174
80,81,4.0420046
80,53,4.0438976
80,84,4.044022
80,79,4.044022
80,82,4.044022
80,77,4.044022
80,51,4.0501866
80,52,4.0501866
80,78,4.05041
80,38,4.0592337
80,46,4.067862
80,44,4.067862
80,49,4.067862
80,48,4.067862
80,50,4.067862
80,45,4.067862
80,47,4.067862
80,43,4.094384
80,11,4.1603985
80,31,4.1890182
80,18,4.4639964
80,76,4.659622
80,20,4.993068
80,39,5.010867
80,85,5.9503984
80,83,5.9503994
81,81,0.0
81,82,0.0029511452
81,32,2.002945
81,2,2.002945
81,79,2.0029511
81,40,2.008029
81,65,2.026048
81,3,2.030456
81,7,2.0306075
81,31,2.4079273
81,75,4.0001183
81,67,4.0001183
81,68,4.0001187
81,53,4.0001445
81,86,4.002427
81,84,4.0029516
81,77,4.0029516
81,42,4.0149612
81,54,4.0231647
81,4,4.030607
81,6,4.030607
81,5,4.030607
81,80,4.0420046
81,15,4.049096
81,16,4.049096
81,17,4.049096
81,14,4.049096
81,25,4.063177
81,30,4.0693054
81,10,4.124524
81,24,4.1376834
81,23,4.137684
81,21,4.1469574
81,22,4.1469574
81,9,4.1623316
81,51,4.1830635
81,52,4.1830635
81,78,4.183084
81,38,4.200078
81,45,4.2156286
81,49,4.2156286
81,47,4.2156286
81,46,4.2156286
81,44,4.2156286
81,50,4.2156286
81,48,4.2156286
81,43,4.2612295
81,11,4.365321
81,76,4.6285563
81,18,4.783447
81,13,4.9898906
81,29,4.9898906
81,28,4.9898906
81,27,4.9898906
81,20,5.1845613
81,39,5.2146726
81,85,6.100874
81,83,6.100875
82,82,0.0
82,81,0.0029511452
82,79,2.0
82,32,2.005278
82,2,2.005278
82,40,2.013533
82,65,2.0208476
82,3,2.032463
82,7,2.0336468
82,31,2.4099283
82,77,3.9999998
82,84,3.9999998
82,75,4.00212
82,67,4.00212
82,68,4.00212
82,53,4.002145
82,86,4.0051165
82,42,4.01697
82,54,4.0251718
82,4,4.033647
82,6,4.033647
82,5,4.033647
82,80,4.044022
82,15,4.0511026
82,16,4.0511026
82,17,4.0511026
82,14,4.0511026
82,25,4.0651836
82,30,4.071304
82,10,4.1265464
82,24,4.13971
82,23,4.13971
82,21,4.1489506
82,22,4.1489506
82,9,4.1643405
82,51,4.1850643
82,52,4.1850643
82,78,4.186891
82,38,4.2017503
82,45,4.217629
82,49,4.217629
82,47,4.217629
82,46,4.217629
82,44,4.217629
82,50,4.217629
82,48,4.217629
82,43,4.26323
82,11,4.3673377
82,76,4.5457354
82,18,4.7854433
82,13,4.9928637
82,29,4.9928637
82,28,4.9928637
82,27,4.9928637
82,20,5.1103244
82,39,5.1404357
82,85,5.953267
82,83,5.953268
83,83,9.536743e-07
83,23,1.9046748
83,4,1.9898698
83,76,2.5315256
83,38,3.8941495
83,51,3.9017239
83,52,3.9017239
83,22,3.902754
83,21,3.902754
83,48,3.903609
83,46,3.903609
83,44,3.903609
83,47,3.903609
83,50,3.903609
83,45,3.903609
83,49,3.903609
83,24,3.9046745
83,11,3.936207
83,42,3.9904835
83,85,4.0
83,67,4.0776725
83,75,4.0776725
83,53,4.082035
83,20,5.0041304
83,39,5.0089207
83,65,5.798776
83,9,5.9021463
83,10,5.907158
83,43,5.909998
83,30,5.9260335
83,25,5.9301586
83,15,5.9410863
83,14,5.9410863
83,16,5.9410863
83,17,5.9410863
83,78,5.9481287
83,31,5.9496527
83,80,5.9503994
83,79,5.953268
83,82,5.953268
83,84,5.953268
83,77,5.953268
83,3,5.9619913
83,54,5.973419
83,5,5.98987
83,6,5.98987
83,7,5.98987
83,32,6.04216
83,2,6.04216
83,86,6.0574703
83,68,6.0776725
83,40,6.100488
83,81,6.100875
83,18,6.118227
83,28,6.2590446
83,27,6.2590446
83,29,6.2590446
83,13,6.2590446
84,84,0.0
84,14,0.05110264
84,20,1.1103244
84,39,1.1404357
84,17,2.0511026
84,15,2.0511026
84,78,2.1868908
84,43,2.2632298
84,18,2.785443
84,79,3.9999998
84,77,3.9999998
84,82,3.9999998
84,67,4.00212
84,75,4.00212
84,68,4.00212
84,53,4.002145
84,81,4.0029516
84,86,4.0051165
84,32,4.0052776
84,2,4.0052776
84,40,4.013533
84,42,4.01697
84,65,4.0208473
84,54,4.0251718
84,3,4.032463
84,4,4.033647
84,6,4.033647
84,7,4.033647
84,5,4.033647
84,80,4.044022
84,16,4.0511026
84,25,4.0651836
84,30,4.071304
84,10,4.1265464
84,24,4.13971
84,23,4.13971
84,22,4.1489506
84,21,4.1489506
84,9,4.1643405
84,52,4.1850643
84,51,4.1850643
84,38,4.2017503
84,46,4.217629
84,44,4.217629
84,49,4.217629
84,48,4.217629
84,50,4.217629
84,45,4.217629
84,47,4.217629
84,11,4.3673377
84,31,4.4099283
84,76,4.5457354
84,28,4.9928637
84,27,4.9928637
84,29,4.9928637
84,13,4.9928637
84,85,5.953267
84,83,5.953268
85,85,0.0
85,83,4.0
85,76,4.5315256
85,20,5.0041304
85,39,5.00892
85,65,5.7987757
85,38,5.894149
85,52,5.9017234
85,51,5.9017234
85,9,5.902146
85,21,5.902754
85,22,5.902754
85,47,5.9036083
85,44,5.9036083
85,48,5.9036083
85,45,5.9036083
85,46,5.9036083
85,49,5.9036083
85,50,5.9036083
85,24,5.904674
85,23,5.9046745
85,10,5.9071574
85,43,5.9099975
85,30,5.926033
85,25,5.9301577
85,11,5.936207
85,14,5.941086
85,15,5.941086
85,17,5.941086
85,16,5.941086
85,78,5.9481287
85,31,5.949652
85,80,5.950399
85,79,5.953267
85,77,5.953267
85,82,5.953267
85,84,5.953267
85,3,5.961991
85,54,5.9734187
85,4,5.9898696
85,5,5.9898696
85,6,5.9898696
85,7,5.9898696
85,42,5.990483
85,32,6.0421596
85,2,6.0421596
85,86,6.05747
85,75,6.077672
85,67,6.077672
85,68,6.077672
85,53,6.0820346
85,40,6.1004877
85,81,6.100874
85,18,6.118226
85,28,6.259044
85,27,6.259044
85,29,6.259044
85,13,6.259044
86,86,4.7683716e-07
86,77,0.0051162243
86,32,4.000327
86,2,4.000327
86,67,4.0023775
86,75,4.0023775
86,68,4.002378
86,81,4.002427
86,40,4.0025244
86,53,4.002909
86,82,4.0051165
86,84,4.0051165
86,79,4.0051165
86,42,4.0054636
86,54,4.0107794
86,65,4.015838
86,3,4.0159087
86,5,4.015914
86,6,4.015914
86,4,4.015914
86,7,4.015914
86,80,4.02436
86,17,4.0300007
86,15,4.0300007
86,16,4.0300007
86,14,4.0300007
86,25,4.0412054
86,30,4.046188
86,10,4.0926948
86,24,4.1041517
86,23,4.1041517
86,22,4.112242
86,21,4.112242
86,9,4.125725
86,51,4.1440487
86,52,4.1440487
86,78,4.144105
86,38,4.159173
86,50,4.173094
86,45,4.173094
86,49,4.173094
86,47,4.173094
86,46,4.173094
86,44,4.173094
86,48,4.173094
86,43,4.214181
86,11,4.3092656
86,31,4.348564
86,76,4.6285906
86,18,4.700305
86,13,4.8959923
86,29,4.8959923
86,28,4.8959923
86,27,4.8959923
86,20,5.1239576
86,39,5.1511574
86,85,6.05747
86,83,6.0574703
